Index_of_Multiple_Deprivation_Score,Age_65,Children_15,Road_density,Street_network_density,Household_spaces_with_at_least_one_usual_resident,Traffic_light_density,Distance,FirstPumpArriving_AttendanceTime,Winter,Commute,Weekend,Fire_Station_number
6.208,268,115,17.48595722,184.8998459,876,0,1156.754886,305.75,25,0,0,16
5.143,269,143,15.50980484,170.7530648,830,0,1036.081876,331.0909091,27.2727273,27.2727273,27.2727273,16
28.652,127,164,21.98704077,295.3586498,467,21.09704641,773.2490788,266.4,20,10,40,18
34.714,54,569,14.24043453,151.0791367,698,0,1690.962687,359.1428571,17.989418,24.3386243,29.6296296,6
32.839,188,421,14.08572124,60.36217304,626,0,2093.001717,331.0380952,20.952381,20.952381,29.5238095,4
29.958,232,352,11.72203206,133.1557923,631,5.326231691,3032.402629,389.1710526,19.7368421,28.2894737,31.5789474,4
19.27,151,300,11.54522259,81.20372582,469,0,1794.262584,324.2598425,15.7480315,25.984252,26.7716535,2
28.389,161,460,16.83006642,123.094959,629,0,1635.715104,315.1129032,9.6774194,17.7419355,33.0645161,4
33.284,200,528,18.64253821,155.2328493,769,10.01502253,980.9234642,280.4415584,22.7272727,24.6753247,30.5194805,5
35.903,160,448,11.1486958,65.68144499,573,0,3018.616435,388.5777778,16.6666667,23.3333333,27.7777778,3
35.283,299,451,17.80068601,234.6743295,709,4.789272031,933.1089886,257.875,21.3235294,19.8529412,31.6176471,4
25.763,205,488,20.79345209,106.165782,683,0,1967.292527,347.3571429,20,28.5714286,28.5714286,4
36.246,179,605,11.83954603,104.8767698,710,0,2610.258003,362.3565217,15.6521739,26.0869565,26.0869565,4
34.377,196,457,16.89810961,100.0555864,629,0,2036.737517,395.4328358,11.9402985,29.8507463,26.8656716,3
28.849,245,461,10.34138362,70.67137809,640,8.833922261,3398.398387,417.5,10.7142857,16.9642857,33.9285714,2
40.926,98,659,10.0538418,79.6812749,639,1.66002656,1860.757012,328.2645914,19.4552529,20.233463,30.3501946,5
38.009,304,411,16.73283239,122.7678571,708,27.90178571,1866.145521,313.5955056,20.2247191,20.2247191,22.4719101,4
43.523,222,495,17.52277281,232.4521422,916,4.557885141,2784.522675,360.3085714,14.2857143,35.4285714,32,3
25.691,175,418,13.58461083,119.9040767,608,0,1676.122904,297.0879121,16.4835165,16.4835165,31.8681319,4
23.589,157,342,13.18283283,113.3698202,660,3.909304144,1837.807157,354.6781609,14.9425287,27.5862069,32.183908,5
33.625,120,618,15.84921071,179.6778191,726,0,2051.459287,370.9880952,22.6190476,27.3809524,29.7619048,4
16.817,193,232,21.40277618,260.0958248,683,6.844626968,2136.397824,341.9240506,17.721519,27.2151899,22.1518987,7
12.786,246,285,16.32635304,153.2377657,544,0,1657.479393,324.6851852,26.5432099,30.2469136,31.4814815,5
8.319,202,364,17.00715891,161.1111111,751,0,2439.036006,375.7819549,21.0526316,24.0601504,33.0827068,4
16.271,218,360,18.13247501,244.0318302,766,10.61007958,2180.104344,345.3870968,19.3548387,33.3333333,32.2580645,3
25.824,136,291,17.09547379,275.0809061,606,0,1310.389243,322.6837607,21.3675214,16.2393162,31.6239316,4
8.028,236,316,5.120047369,20.06772858,516,0,2531.432588,390.2699387,23.3128834,21.4723926,23.3128834,3
10.063,258,293,12.26275597,104.2654028,687,0,1574.696814,316.5142857,21.9047619,25.7142857,29.5238095,4
6.585,276,337,16.57708529,149.9423299,608,11.53402537,2202.087262,387.635514,20.5607477,33.6448598,28.0373832,6
19.679,185,342,17.20800333,80.99688474,524,0,2152.786436,362.5804598,30.4597701,29.8850575,31.6091954,7
31.658,205,440,18.74529026,196.5317919,630,0,2091.923054,369.0728477,16.5562914,26.4900662,31.1258278,3
14.093,265,291,19.93922113,212.4183007,791,5.446623094,961.1717789,254.6553672,18.079096,26.5536723,26.5536723,4
10.621,296,259,5.669292025,52.02526942,654,1.858045336,2154.695198,378.9401709,15.3846154,33.3333333,29.9145299,2
11.643,242,591,6.2685824,48.42505431,752,0,1677.279145,358.5515152,13.9393939,25.4545455,27.8787879,4
8.023,265,289,6.147916531,37.36571695,511,0,1769.951862,307.4615385,20.5128205,21.7948718,32.0512821,4
4.061,221,348,6.440146691,35.10140406,506,0,2494.088604,406.9279279,13.5135135,28.8288288,36.036036,5
22.723,230,338,14.75833936,149.9634236,622,0,2311.470352,410.4390244,19.5121951,25.203252,34.1463415,2
13.531,146,250,16.28658244,163.2882883,621,0,1609.794613,300.8703704,24.0740741,25,28.7037037,4
14.045,186,291,16.44539512,68.21282401,558,0,1655.92415,338.3333333,21.1111111,27.2222222,36.6666667,5
19.874,197,476,14.6460812,118.1102362,874,29.52755906,1790.354911,340.2551724,21.3793103,26.8965517,30.3448276,6
18.89,155,391,19.68243693,236.7205543,693,0,1557.584804,316.0658436,17.6954733,28.8065844,38.2716049,3
16.3,294,296,18.86424811,141.0658307,602,0,1927.906452,335.5076923,23.0769231,28.4615385,40,3
14.763,289,308,19.26000442,206.2155097,676,0,2536.772001,400.7464789,16.9014085,38.028169,39.4366197,5
8.189,370,203,12.12181548,80.85612366,613,0,1237.024131,269.4852071,17.1597633,30.7692308,32.5443787,3
6.167,245,239,15.30882959,107.9489696,488,0,2342.158484,306.4861111,18.0555556,23.6111111,30.5555556,3
11.364,352,297,14.27153682,113.6014737,649,0,1737.07627,311.5844156,12.987013,31.1688312,29.8701299,2
29.915,256,386,16.97208567,122.1107719,593,0,1463.312761,298.3506494,18.1818182,32.4675325,28.5714286,3
16.232,204,364,7.96514746,78.19603564,606,0,2536.505845,404.76,10.5,26,25,2
32.32,215,491,9.140525743,90.39169736,770,5.021760964,2752.907439,414.0769231,20.5128205,30.7692308,31.6239316,3
41.618,233,335,12.06959386,103.3170201,659,5.437737901,1679.48395,299.462069,26.2068966,24.137931,27.5862069,2
10.762,366,252,9.870172032,62.26415094,621,1.886792453,2947.986489,436.1328125,13.28125,27.34375,29.6875,5
11.233,331,268,11.65428176,119.8552691,714,6.784260516,2174.593637,360.5789474,17.1052632,31.5789474,25,5
14.705,257,301,13.20588901,138.3469315,590,0,2373.157034,378.0630631,24.3243243,25.2252252,32.4324324,5
23.276,146,419,11.45512939,111.9664101,594,0,1660.574584,290.3991597,15.9663866,25.210084,30.6722689,4
10.343,244,320,17.39330863,152.284264,712,0,1037.051129,243.2222222,26.6666667,26.6666667,37.7777778,2
38.229,164,469,3.986809647,28.43111915,596,0,3160.183682,424.9959677,18.1451613,28.2258065,28.2258065,3
38.345,96,396,8.974512369,88.66722084,590,0,2808.424442,442.25,18.220339,17.3728814,30.0847458,4
19.67,207,265,19.65615095,206.8661972,455,0,1578.552527,372.1610169,19.4915254,18.6440678,35.5932203,6
15.555,216,350,5.308962491,28.21063944,532,1.343363783,2916.284317,432.0325203,20.3252033,28.4552846,34.1463415,6
24.308,132,351,14.58066431,86.10086101,533,0,1324.534211,288.352459,17.2131148,24.5901639,27.0491803,6
18.91,140,276,16.08111229,92.04470743,610,0,1650.507576,323.5271318,21.7054264,25.5813953,26.3565891,6
19.417,193,325,15.2518168,182.9268293,517,8.130081301,2666.118522,410.5882353,20.5882353,25.4901961,30.3921569,4
42.123,232,596,22.66915734,223.6652237,813,50.50505051,1269.481858,301.539267,16.7539267,27.7486911,27.2251309,7
19.424,175,371,12.91631468,78.125,651,0,1455.314577,275.0793651,20.6349206,26.1904762,28.5714286,8
21.407,219,280,19.49139983,219.2758797,500,0,2522.843068,399.3246753,11.6883117,14.2857143,24.6753247,4
43.404,169,476,25.33293985,299.8846597,793,23.06805075,1666.313655,339.9470199,21.8543046,23.1788079,29.1390728,10
32.007,85,303,18.06462935,204.2900919,800,10.2145046,1783.226194,323.671875,22.65625,17.96875,28.90625,7
14.793,236,274,12.51761477,67.01771182,475,0,2221.950243,381.8659794,19.5876289,29.8969072,26.8041237,5
32.606,136,674,14.80820669,184.9176539,793,0,2045.636096,391.7067669,20.3007519,21.8045113,33.0827068,5
21.525,119,395,23.0301012,207.4966533,1093,26.77376171,1793.269626,306.9690722,22.6804124,28.8659794,23.7113402,8
20.6,247,379,15.89716094,164.3410853,650,0,2129.640268,355.2325581,19.7674419,24.4186047,25.5813953,4
46.524,174,478,16.13042695,152.7924131,640,0,1320.398224,326.5993884,27.5229358,25.6880734,26.6055046,7
22.985,173,312,15.45748308,117.2332943,521,0,1127.63659,279.6382979,18.0851064,26.5957447,29.787234,5
21.621,181,286,16.3185985,158.172232,586,0,1962.241304,388.6419753,20.3703704,20.9876543,24.691358,4
39.15,164,457,21.31752775,226.5518804,653,0,2648.794071,406.38,24,29,31,6
18.16,205,270,12.50084652,126.7010793,518,46.92632567,872.1505677,264.3863636,21.5909091,22.7272727,28.4090909,6
24.997,175,376,16.2559611,129.8701299,728,0,856.2859815,239.5035971,22.3021583,21.5827338,33.8129496,6
6.271,342,299,9.308313668,64.06926407,659,0,2228.938375,363.2972973,22.972973,18.9189189,32.4324324,3
6.82,221,250,3.121376433,15.27300496,517,0,1724.397954,367.025641,14.1025641,25.6410256,30.7692308,2
5.577,457,272,5.473115729,36.54897227,776,0.335311672,3806.110924,453.5522388,15.6716418,24.6268657,31.3432836,4
20.773,227,296,17.40729259,216.8674699,866,24.09638554,1215.437867,276.6411765,24.1176471,25.2941176,29.4117647,2
6.541,331,289,8.717625597,87.07529452,656,0,2556.686972,408.4736842,23.6842105,31.5789474,26.3157895,1
7.31,414,261,6.530068875,55.85778123,637,0,2425.712249,438.0903226,16.7741935,23.2258065,30.3225806,4
20.128,99,296,14.09386917,95.23809524,648,7.326007326,1629.97182,289.0520833,23.9583333,23.9583333,30.2083333,5
7.53,387,211,13.48267636,139.2342118,702,0,1538.179739,334.02,23,22,26,4
16.178,291,204,12.666742,120.5673759,590,0,2631.06358,447.9943925,20.5607477,26.5420561,33.6448598,2
40.937,213,447,14.81805937,115.2073733,824,3.840245776,2864.843378,396.4571429,19.6428571,23.2142857,33.2142857,2
17.48,166,329,16.54224721,176.9911504,949,5.530973451,2478.539079,375.2975207,17.3553719,21.4876033,37.1900826,5
20.247,292,423,2.828976,16.40978144,773,0,3725.445658,516.6885246,13.1147541,22.9508197,34.4262295,2
6.135,518,328,8.280883017,72.35557597,750,0,3301.228966,458.6,13.0434783,32.173913,30.4347826,2
3.044,308,357,12.50584196,86.65041971,645,0,3223.298389,474.7603306,9.9173554,40.4958678,34.7107438,4
23.938,169,270,5.958909919,56.6006326,454,0,1788.976868,334.37,30,34,34,4
31.622,201,307,13.21635893,80.83689967,609,0,2709.551996,423.3985507,16.6666667,18.8405797,34.057971,4
22.391,365,215,13.98880106,126.0257913,667,0,1109.70826,273.0989583,18.75,25,28.125,1
13.477,170,289,9.427907755,82.40500534,679,1.526018617,1889.435116,322.8037975,24.6835443,21.5189873,24.6835443,6
4.284,310,241,10.36528053,60.75843285,564,0,2887.174319,424.7818182,10.9090909,29.0909091,23.6363636,1
14.081,217,281,14.08684388,138.7054161,592,0,1570.430143,331.2692308,21.1538462,22.1153846,30.7692308,7
3.748,305,323,11.17053731,55.61172902,544,0,1645.605403,318.1842105,13.1578947,34.2105263,36.8421053,4
4.549,317,291,16.9255837,178.6237189,606,2.928257687,3051.313914,405.2258065,24.1935484,35.483871,22.5806452,4
22.13,212,375,24.16176607,253.929867,616,0,1833.0986,323.2692308,29.4871795,25.6410256,32.0512821,9
15.832,145,217,27.0073119,249.072602,718,132.4854266,963.8005805,271.3556701,26.2886598,22.6804124,17.0103093,14
31.404,109,351,21.87604524,202.190396,628,84.24599832,1698.632099,314.0352941,22.3529412,22.3529412,30.5882353,11
26.832,172,269,17.49560459,134.175217,774,47.35595896,1036.090991,281.6237624,25.7425743,22.7722772,27.7227723,10
29.94,167,321,15.29271912,111.3013699,800,8.561643836,999.8334707,238.671875,21.875,26.5625,23.4375,7
5.647,247,192,10.97410677,109.3180635,550,20.82248829,1038.860518,269.6792453,18.8679245,30.1886792,30.1886792,8
9.126,170,272,16.59990799,145.4898157,606,0,1437.923176,295.238806,23.880597,13.4328358,26.8656716,8
5.398,243,312,15.10393971,131.3131313,721,5.050505051,1684.065685,369.3980583,24.2718447,29.1262136,27.184466,9
10.421,218,152,18.12219874,174.4186047,788,65.40697674,1344.649244,305.8285714,27.1428571,28.5714286,22.8571429,8
22.316,226,260,3.612114487,25.66677826,700,2.231893762,1303.599588,280.965812,29.9145299,25.6410256,38.4615385,10
19.491,147,236,24.36990714,224.0325866,881,13.57773252,1177.264118,300,22.0973783,27.7153558,27.340824,14
17.412,111,254,23.8852388,248.9177489,698,10.82251082,619.4668316,222.2123288,27.3972603,28.0821918,28.0821918,10
35.446,238,309,19.50132808,103.3295063,732,0,1499.606932,322.0973451,27.4336283,30.9734513,30.0884956,8
15.339,115,105,20.80354744,178.0821918,686,123.2876712,1080.525962,281.4649123,23.6842105,20.1754386,35.9649123,13
14.777,204,214,11.80035245,110.3617413,715,26.56856734,1240.928591,291.0718563,24.5508982,22.1556886,33.5329341,15
33.601,88,345,18.02117781,182.6196474,608,81.86397985,1090.174775,285.2340426,20.7446809,20.7446809,29.787234,14
6.968,141,216,9.864729126,23.00613497,675,0,1736.94216,330.8974359,21.7948718,25.6410256,26.9230769,8
14.268,144,169,17.95430998,159.5092025,760,0,775.3580625,223.8631579,20,21.0526316,33.6842105,7
8.842,377,255,13.62751918,154.6045261,662,0,1224.856625,283.9157895,21.0526316,22.1052632,27.3684211,5
12.212,205,331,15.25013722,115.6421181,616,0,1154.151163,248.4342105,26.3157895,21.0526316,39.4736842,5
22.343,189,310,21.64650424,225.5639098,471,0,1869.562369,305.9482759,16.3793103,31.0344828,32.7586207,6
30.289,148,645,13.68900621,126.1289318,1186,9.342883837,1124.211069,278.7587719,24.122807,19.2982456,34.2105263,6
14.363,310,344,6.643744531,41.0383661,665,0,3557.182451,427.8714286,21.4285714,24.2857143,34.2857143,2
8.041,297,295,6.027980434,23.04832714,642,0,2209.610981,318.5714286,23.8095238,29.7619048,27.3809524,1
3.765,354,234,10.71191058,66.52227723,520,0,3574.676709,468.3333333,13.6363636,39.3939394,30.3030303,5
18.538,130,257,14.71639086,177.7777778,941,0,2049.715211,318.5652174,18.8405797,32.6086957,26.0869565,5
9.773,249,324,19.45007442,260.2040816,850,0,1774.27357,335.7555556,11.1111111,22.2222222,22.2222222,5
22.047,383,284,15.67176148,200.1291156,802,12.91155584,1736.42694,316.0882353,16.6666667,28.4313725,31.372549,6
37.89,104,705,17.691005,167.850226,593,0,1107.216195,258.7532468,18.1818182,21.4285714,25.974026,1
18.325,191,399,12.52568161,133.1689273,828,12.33045623,1525.869454,300.9152542,14.4067797,32.2033898,32.2033898,3
11.58,209,345,9.91601417,89.52551477,646,0,2782.046494,444.55,16.6666667,21.6666667,33.3333333,3
36.214,182,443,13.81109555,110.7226107,581,0,1850.03977,302.244186,20.3488372,24.4186047,25,2
15.404,236,302,15.49089581,150.3288443,562,0,722.9184601,192.4623656,16.1290323,24.7311828,40.8602151,7
5.761,236,333,4.788011012,27.53691118,642,0,2383.359387,337.5925926,16.6666667,29.6296296,20.3703704,4
30.378,160,414,10.94247861,109.6121417,763,0,2232.567435,366.1986755,21.192053,28.4768212,34.4370861,5
28.878,107,338,18.39447491,170.9943002,528,6.333122229,2129.320253,350.3255814,20.1550388,22.4806202,31.0077519,6
27.454,206,633,19.39974714,246.9844917,1113,5.743825388,1863.932156,290.2216216,22.7027027,24.8648649,24.3243243,6
8.868,224,252,5.261235821,56.60377358,576,0,1953.874783,384.3035714,14.2857143,23.2142857,25,3
6.813,271,228,16.75471367,136.4877161,598,0,2223.143359,364.5308642,12.345679,30.8641975,34.5679012,3
9.41,254,282,15.45980132,115.2562936,574,0,2955.314643,401.0229885,16.091954,24.137931,28.7356322,4
19.749,154,368,19.42403559,121.3960546,607,0,1930.958061,343.3664596,19.2546584,33.5403727,31.6770186,5
13.743,252,343,12.99664097,65.42056075,627,0,1310.742082,261.3536585,21.9512195,10.9756098,26.8292683,5
20.492,95,319,22.80203833,311.9868637,962,38.31417625,1809.527099,311.1949153,16.1016949,29.6610169,28.8135593,5
32.149,160,412,21.91429926,227.6607854,835,22.76607854,1242.021219,304.1621622,20.5405405,21.0810811,28.1081081,5
16.909,180,283,12.5831373,116.5871754,456,0,1905.128492,282.2125,23.125,16.25,22.5,6
18.25,120,376,5.037881211,23.95871729,624,0,1465.604721,324.2741935,25.2688172,29.5698925,34.4086022,7
22.602,216,399,9.69625415,66.98089804,668,0,1110.117405,258.6140351,17.5438596,22.8070175,28.9473684,9
13.453,356,251,16.51541111,224.1681261,691,0,1804.308281,343.3265306,19.3877551,19.3877551,34.6938776,7
22.184,200,311,19.54644951,254.0578687,476,7.05716302,1273.075961,276.7190083,14.0495868,24.7933884,29.7520661,5
13.363,257,224,12.7112139,157.0680628,668,0,944.6974689,231.7682119,18.5430464,33.7748344,31.7880795,6
30.226,187,307,17.76623653,142.296369,597,14.72031403,1425.740404,275.3092784,18.556701,23.7113402,25.7731959,7
28.857,211,489,15.5121119,154.422087,1099,4.679457183,1830.193563,349.2268519,20.8333333,25.462963,24.537037,11
17.386,256,289,7.290007545,66.02641056,581,0,1658.561142,294.0434783,24.3478261,28.6956522,33.9130435,6
24.398,233,402,15.20628232,144.9275362,612,0,2516.230998,389.357513,18.134715,23.8341969,29.5336788,4
16.109,232,327,9.172303694,73.65980085,578,5.456281544,2027.283097,372.1338583,24.4094488,25.1968504,33.8582677,5
7.459,292,345,13.90855916,118.1375956,625,0,2057.714486,415.6415094,18.8679245,27.3584906,26.4150943,6
16.018,129,350,12.61135585,92.53903991,531,5.783689994,2203.529761,385.4555556,17.7777778,25.5555556,27.7777778,6
23.36,179,377,17.57481961,331.4696486,495,0,1542.948551,308.8536585,15.8536585,26.8292683,29.2682927,4
7.673,214,341,18.94311632,172.5282017,634,0,1933.696747,326.4698795,21.686747,34.939759,30.1204819,6
11.391,326,343,4.176300409,32.39157819,679,2.699298182,1470.246402,304.6031746,15.8730159,21.4285714,29.3650794,7
23.866,166,337,9.474702471,66.03081438,627,1.834189288,1620.98977,302.4180791,15.819209,24.8587571,26.5536723,5
33.051,195,442,8.414822325,72.96311309,674,4.053506283,2918.218567,417.1483871,18.7096774,22.5806452,26.4516129,3
24.895,221,294,11.16871044,126.2825572,519,0,1730.418329,383.8535032,19.1082803,29.2993631,29.9363057,5
12,238,395,23.14217848,191.4708442,634,0,2294.589812,433.1472868,14.7286822,18.6046512,27.9069767,5
45.936,225,545,17.68939265,298.3293556,841,0,975.8078572,248.8551724,22.0689655,25.5172414,24.8275862,8
24.895,224,507,20.22079427,128.1085154,562,0,1056.777518,252.7828054,13.1221719,26.6968326,27.60181,5
31.007,113,388,16.82909383,186.6251944,493,0,1823.983329,352.6503067,25.7668712,26.993865,30.6748466,5
18.031,157,237,20.93495195,192.8471248,738,7.012622721,1259.173327,317.8125,20.3125,32.8125,34.375,10
8.565,189,316,16.5977066,162.2971286,667,0,1046.99554,249.4333333,25.5555556,22.2222222,24.4444444,6
24.623,174,378,18.16771101,140.5152225,783,13.38240214,2476.282442,405.9553571,21.4285714,26.7857143,35.7142857,5
24.464,193,338,16.35470618,137.1876531,675,0,1701.72943,349.8571429,18.3673469,24.4897959,37.755102,4
18.518,214,365,6.487129047,47.48982361,613,0,2965.800782,444.1987952,19.8795181,22.8915663,28.9156627,2
7.863,287,333,5.945742292,49.200492,559,0,2853.03718,398.4932432,17.5675676,27.027027,35.1351351,2
41.035,144,477,11.04849601,77.87151201,628,0,1581.05833,344.7156863,26.1437908,23.2026144,31.6993464,5
35.255,169,641,20.68434072,281.0862315,790,28.5850405,1423.741626,313.8412698,16.9312169,22.2222222,29.6296296,3
5.686,208,318,12.55024965,67.59294029,481,0,2371.804171,390.6818182,22.7272727,25,32.9545455,3
40.254,127,458,22.64350621,214.8557397,664,0,1000.03634,272.239726,19.8630137,26.7123288,32.1917808,6
13.064,326,230,11.70147807,106.2726801,840,0,3457.461289,448,14.4736842,26.3157895,35.5263158,3
24.503,220,319,13.65769318,109.2896175,516,0,1887.599818,347.2222222,15.5555556,24.4444444,35.5555556,3
30.484,160,519,22.35701394,174.904943,663,0,1493.210287,302.2647059,28.6764706,24.2647059,30.8823529,6
23.466,211,328,22.58879507,201.7716535,531,0,2411.712025,358.9491525,19.4915254,16.9491525,39.8305085,5
47.177,59,515,11.57045763,73.13829787,610,0,1884.993268,334.2336957,17.9347826,23.3695652,33.1521739,3
28.911,205,465,14.15882881,143.2490094,648,24.38281012,1420.354546,305.2054795,26.0273973,24.6575342,36.9863014,3
13.242,252,410,19.05077712,241.1347518,1141,0,1336.198885,257.7304348,17.3913043,26.9565217,26.9565217,4
11.197,278,283,12.51159013,116.5096678,588,0,1756.484717,325.1061947,16.8141593,27.4336283,32.7433628,6
11.559,255,385,19.28759544,205.2631579,709,0,2110.631157,349.2666667,20,30.6666667,41.3333333,2
26.37,284,372,18.98362144,181.8181818,659,7.130124777,1926.81474,322.4904459,19.1082803,24.2038217,35.0318471,1
19.27,215,320,18.01969874,235.0230415,543,4.608294931,2182.252278,384.5530973,17.699115,22.5663717,32.300885,5
17.923,255,394,11.6061749,135.2680767,751,9.837678308,2071.979752,357.9294118,18.8235294,31.7647059,31.7647059,4
17.934,138,383,19.37189785,168.8048616,615,0,1820.288997,344,13.8461538,23.0769231,30,4
12.083,241,302,13.93860012,134.9872309,921,0,1693.360363,330.2454545,25.4545455,24.5454545,36.3636364,10
23.247,228,523,10.92030723,81.10300081,693,0,1274.685583,343.1735537,20.661157,23.1404959,33.0578512,10
15.157,241,280,15.08108804,101.7890191,607,12.33806292,2094.908178,336.1439394,27.2727273,20.4545455,31.8181818,5
12.889,268,303,22.17100714,221.819828,707,0,1224.010452,259.5462963,24.0740741,17.5925926,31.4814815,7
8.775,370,219,5.676157739,46.11615507,738,0,1565.48814,297.4012346,14.8148148,19.7530864,27.1604938,5
25.682,149,326,15.39273776,168.1345076,593,0,1128.30156,276.0294118,22.3529412,25.8823529,33.5294118,5
17.489,262,245,15.02581785,127.7715145,681,0,2086.227693,350.3076923,27.3504274,25.6410256,23.0769231,9
18.273,247,230,13.41756551,148.5507246,582,0,1387.873295,305.3939394,16.6666667,21.7171717,33.8383838,8
28.338,105,505,20.77824909,182.6484018,646,0,951.524128,251.1840796,14.4278607,23.880597,26.8656716,4
8.857,277,292,8.662498958,65.73541495,618,0,2023.057214,400.5759494,15.1898734,31.6455696,37.3417722,5
23.517,160,354,23.55822112,207.4391989,615,0,2053.938557,366.943662,25.3521127,23.943662,30.5164319,3
31.332,189,549,16.13315343,149.7005988,935,11.9760479,1981.577007,317.0056338,21.6901408,20.2816901,28.7323944,7
44.248,118,285,10.7872737,166.2234043,632,13.29787234,1574.274875,307.6068376,18.8034188,20.5128205,24.7863248,9
27.475,62,271,20.94291997,235.4145343,427,51.17707267,1240.988564,321.1525424,23.7288136,25.4237288,33.8983051,10
32.84,66,401,32.69535227,355.0295858,464,19.72386588,1156.575384,249.0131579,22.3684211,25,25,10
31.157,107,471,22.52793245,265.2825836,1033,109.5732411,601.2539897,225.2291667,25,28.4722222,27.7777778,14
28.995,127,333,21.10682745,255.7953637,789,0,973.4519249,263.2547771,28.6624204,17.8343949,26.1146497,13
32.017,198,314,19.05570428,184.9112426,786,22.18934911,1774.532551,333.1868132,32.967033,24.1758242,26.3736264,12
35.266,78,508,29.97089845,448.0651731,632,40.73319756,1299.754792,301.469697,24.2424242,28.7878788,28.7878788,11
23.435,161,222,20.74535089,184.9568434,987,49.32182491,1763.170844,315.1587302,39.6825397,20.6349206,31.7460317,13
27.09,100,216,14.94922311,126.493324,820,21.08222066,1361.129258,300.6923077,23.9316239,19.6581197,37.6068376,13
33.95,104,313,14.78009805,84.98583569,628,18.88574127,1125.426436,280.8659794,21.6494845,22.6804124,32.9896907,11
38.594,138,374,25.59463914,195.4397394,863,16.28664495,895.6858733,278.7131148,22.9508197,21.3114754,27.0491803,16
26.639,140,330,22.70374192,276.3157895,797,0,938.7933268,261.8953975,25.9414226,22.1757322,33.4728033,15
32.227,104,399,14.53985753,163.3045149,500,0,987.5204298,267.5773196,13.4020619,29.8969072,30.9278351,13
28.427,79,268,21.21751411,119.8257081,737,0,1379.073907,307.93,21,24,30,12
26.539,92,573,15.07091174,103.7735849,485,0,1054.035234,281.3504274,15.3846154,25.6410256,25.6410256,11
30.857,95,677,23.79009923,291.3385827,558,62.99212598,1560.204872,318.8163265,21.9387755,18.877551,20.9183673,9
41.027,150,275,18.71947761,330.1886792,599,0,1427.637765,293.1241379,23.4482759,19.3103448,36.5517241,14
16.477,111,366,21.42432738,206.09319,696,35.84229391,684.9043342,238.3070175,26.3157895,23.6842105,21.0526316,12
39.524,77,378,26.8700998,216.7182663,631,30.95975232,1211.800543,328.9711538,15.3846154,25,28.8461538,14
42.961,115,561,14.79846875,112.5175809,676,28.12939522,1003.093457,284.2477064,24.7706422,20.1834862,31.1926606,12
31.549,93,323,20.5248142,169.286578,730,48.36759371,873.6429563,220.8709677,33.8709677,17.7419355,33.8709677,10
30.675,180,246,17.03781106,208.3333333,732,0,1551.897954,299.9156627,25.3012048,20.4819277,25.3012048,11
14.292,175,258,15.44934114,133.3907057,574,30.12048193,996.6635367,247.3658537,20.7317073,26.8292683,26.8292683,10
37.345,137,473,6.796992755,51.4081359,834,1.117568172,2083.559128,356.5854922,23.3160622,26.9430052,25.388601,11
50.627,147,309,26.90923877,343.5804702,538,0,1040.927287,256.8823529,21.1764706,25.8823529,38.8235294,10
23.246,188,190,14.77443643,156.3937443,658,18.39926403,1293.595749,301.3684211,34.2105263,25,27.6315789,10
15.457,128,322,20.20026775,218.5223725,619,0,883.5226484,283.74,20,26.6666667,24.6666667,9
9.619,102,159,22.53132182,160,656,0,1449.478174,276.0666667,22.2222222,17.7777778,33.3333333,8
19.977,74,136,25.55490662,269.058296,887,44.84304933,1404.330503,304.9090909,19.6969697,18.1818182,31.8181818,9
6.849,329,180,10.04442382,78.14680435,689,0,1574.406974,316.5,20.5882353,20.5882353,20.5882353,8
9.021,153,391,15.49354486,147.9915433,624,21.14164905,952.3894198,242.5820896,29.8507463,26.8656716,26.8656716,8
25.92,125,217,19.11156314,217.6339286,757,11.16071429,1403.926583,325.0769231,33.8461538,18.4615385,26.1538462,10
13.307,164,298,13.46175853,133.8825953,760,0,1597.320034,308.313253,18.0722892,19.2771084,40.9638554,8
21.955,121,266,16.14165057,105.2631579,702,0,1380.959668,276.278481,13.9240506,27.2151899,29.1139241,10
15.715,117,148,23.74424688,278.6377709,809,10.31991744,901.1271034,242.2777778,13.8888889,23.6111111,30.5555556,9
27.284,197,312,16.41133841,148.9203276,603,7.446016381,1954.877775,349.0519481,24.6753247,16.8831169,33.7662338,9
13.306,198,318,10.4053622,58.1733566,535,0,1580.165176,339.9041096,16.4383562,23.2876712,31.5068493,7
19.494,212,327,15.16778746,164.6791596,959,0,2383.045751,387.1555556,23.3333333,27.7777778,32.2222222,6
37.877,148,389,19.16504191,145.0676983,635,0,708.22685,233.5820896,30.5970149,28.358209,35.0746269,6
15.635,113,245,23.23610733,282.8947368,982,32.89473684,1187.921931,279.3376623,23.3766234,24.6753247,28.5714286,7
14.708,109,238,17.6224275,204.5097011,730,26.21919245,1845.802006,315.1263158,23.1578947,27.3684211,32.6315789,6
18.37,167,274,12.63322751,8.424599832,710,0,1712.335981,320.5,18.4615385,25.3846154,36.9230769,6
15.629,111,197,19.1851395,281.3067151,808,0,2206.645186,376.75,21.6666667,25,26.6666667,9
7.683,175,225,12.94604771,79.39658595,503,3.969829297,911.9531295,238.6184211,34.2105263,21.0526316,30.2631579,7
37.492,115,397,19.28316387,132.9534663,759,0,1802.930279,329.5783784,21.6216216,23.7837838,33.5135135,7
31.66,217,367,20.41082682,242.0306966,676,29.51593861,1816.865123,343.5045045,27.027027,28.8288288,27.9279279,9
29.031,150,368,16.94107293,136.7924528,841,9.433962264,1832.088561,349.8554217,22.8915663,17.4698795,23.4939759,9
21.23,141,344,12.2568249,68.17213464,710,0,1368.627993,316.36,24,9.3333333,34.6666667,6
47.93,102,473,18.38676979,233.5025381,781,55.83756345,1090.361964,270.5339233,26.8436578,33.6283186,39.5280236,8
45.491,175,366,24.92151154,287.5629044,615,35.94536305,1207.810025,297.7065868,27.5449102,19.760479,32.3353293,8
35.342,164,261,15.60252651,139.8601399,714,0,1593.904432,336.6953642,20.5298013,19.8675497,36.4238411,7
42.169,95,546,22.99708391,211.9815668,592,0,1696.680986,334.0606061,16.6666667,25.2525253,35.8585859,7
40.472,171,527,12.41057412,94.81668774,813,0,2382.126919,368.780303,21.969697,22.7272727,33.3333333,6
7.616,229,373,16.22727466,143.7371663,542,4.106776181,1384.637367,299.212766,25.5319149,36.1702128,38.2978723,3
8.59,407,241,15.59156066,134.4703181,680,0,1863.282756,316.8285714,20,25.7142857,24.7619048,3
19.348,179,358,16.85947612,171.0863986,568,0,1475.814037,338.4264706,16.1764706,32.3529412,35.2941176,3
24.584,124,431,16.09375091,165.6127672,884,12.04456489,2789.742591,401.5107914,15.1079137,24.4604317,22.3021583,4
12.828,241,383,12.17268444,132.0398814,638,5.389382916,2154.83563,362.6704545,14.7727273,27.2727273,30.6818182,4
30.759,163,349,14.14920895,86.09556608,498,0,3034.461096,406.0283019,22.6415094,29.245283,26.4150943,2
3.585,255,307,4.375847838,36.82584937,519,0,2538.853784,335.4035088,15.7894737,21.0526316,29.8245614,2
6.923,263,261,7.832798886,28.82599581,501,10.48218029,1179.183917,278.4615385,11.5384615,34.6153846,32.6923077,3
8.835,198,356,12.16832098,117.8707224,683,0,1524.938648,294.7758621,20.6896552,13.7931034,32.7586207,4
18.14,230,269,14.74494525,141.2566975,531,4.870920604,1690.974516,328.244898,20.4081633,26.5306122,38.7755102,4
12.914,275,260,6.970851427,44.58431681,535,0,2030.688303,376.3148148,12.962963,14.8148148,31.4814815,4
18.565,217,421,15.46166316,115.1631478,677,0,2443.854367,390.127451,17.6470588,34.3137255,37.254902,4
6.159,417,264,5.440222547,25.65230138,625,0,2526.507047,357.6944444,23.6111111,20.8333333,36.1111111,2
5.376,292,363,9.977746375,50.87014726,616,0,1931.292048,323.1886792,22.6415094,24.5283019,39.6226415,3
11.996,255,260,11.19601173,43.21988115,420,0,1237.996421,295.7037037,25.9259259,31.4814815,25.9259259,4
8.478,225,315,20.63956512,190.0584795,504,0,2017.168557,324.3333333,12.1212121,24.2424242,36.3636364,3
12.222,190,432,19.01617604,197.2459993,513,0,1593.112006,304.6166667,30,20.8333333,33.3333333,4
20.375,223,411,10.7669552,122.8249744,605,0,1020.550787,253.0952381,19.047619,17.8571429,39.2857143,3
10.441,372,292,9.211584609,97.6744186,637,0,2383.519842,358.9404762,21.4285714,22.6190476,33.3333333,2
18.005,146,406,13.67522864,81.85538881,582,0,2459.12284,396.7888889,23.3333333,24.4444444,35.5555556,3
20.045,119,296,14.57952701,125.0868659,648,0,2130.547941,337.6122449,16.3265306,32.6530612,28.5714286,4
21.587,165,314,4.451544588,35.46099291,642,0,1888.019171,311.9759036,23.4939759,24.6987952,33.7349398,5
6.437,356,262,13.66621878,135.9570662,620,0,3793.986431,496.7631579,18.4210526,28.9473684,18.4210526,1
15.126,388,209,12.77801999,110.4009297,600,0,3141.623455,416.1123596,11.2359551,29.2134831,35.9550562,3
8.709,360,341,7.736251147,62.43496358,678,0,1962.086253,319.0491803,13.1147541,18.0327869,21.3114754,3
29.637,242,426,14.55684719,131.7715959,765,0,1895.734714,362.958159,19.2468619,21.3389121,30.5439331,3
9.644,339,183,16.77040209,174.9752394,775,0,1623.951423,301.8333333,11.1111111,33.3333333,38.8888889,4
38.58,152,307,14.05289567,119.7053407,670,0,1594.163018,307.4744526,21.1678832,21.8978102,30.6569343,3
31.249,171,441,14.11656697,156.424581,625,0,2364.009625,392.2993197,13.6054422,24.4897959,24.4897959,3
22.808,310,293,14.29196836,118.491921,651,0,1291.833115,289.2344828,19.3103448,20,29.6551724,3
8.93,176,273,11.94238719,78.62407862,537,0,2038.705966,347.75,13,35,28,4
19.584,271,292,19.09730176,231.9681044,627,0,2370.411609,354.576087,11.9565217,22.826087,29.3478261,4
8.668,207,294,9.943195168,42.05214466,509,8.410428932,1232.556106,258.6493506,22.0779221,37.6623377,29.8701299,4
25.573,157,321,14.04335578,129.9326275,557,0,2761.378755,421.2619048,13.4920635,30.5555556,30.952381,2
11.057,209,285,10.35933355,88.49557522,568,0,1177.940513,255.6938776,29.5918367,24.4897959,26.5306122,3
39.103,175,395,7.892946823,75.02679528,696,11.48369316,3689.830304,432.7545455,17.7272727,27.2727273,31.8181818,4
8.009,228,352,17.71281025,158.5314977,604,0,1999.326002,335.5172414,21.8390805,22.9885057,36.7816092,3
4.519,345,292,3.307111092,13.884829,607,0,4017.878585,494.481203,17.2932331,28.5714286,21.8045113,1
26.362,131,403,23.23861955,248.0270575,514,5.636978579,2843.509072,399.4666667,11.5151515,26.0606061,39.3939394,3
24.978,179,548,12.05576839,98.80979115,680,1.497118048,2003.664569,330.5982143,18.3035714,24.1071429,22.7678571,5
31.015,175,290,16.95321956,193.8369781,629,4.970178926,1504.581149,305.9398496,20.3007519,27.0676692,27.8195489,3
5.501,235,301,13.96036395,128.5086236,611,0,3080.259163,408.9122807,22.8070175,28.0701754,22.8070175,3
17.74,212,487,14.11099326,116.2790698,631,4.651162791,2202.48035,363.5981308,18.6915888,28.9719626,32.7102804,3
10.954,285,310,13.97028979,142.3877327,658,0,2500.111172,408.3058824,14.1176471,29.4117647,36.4705882,3
23.76,200,294,2.854040698,23.76978708,635,0,4488.904449,555.43,10,36,25,1
21.888,198,332,7.116169685,48.64809504,592,4.096681688,2210.035802,381.5548523,19.1983122,28.9029536,30.5907173,4
19.196,284,400,16.74713959,169.4915254,621,3.19795331,1880.059416,328.6439394,14.3939394,24.2424242,31.0606061,2
6.369,246,361,7.11190979,48.61821904,623,1.279426817,3664.78728,467.9206349,15.8730159,25.3968254,42.8571429,2
6.832,183,352,29.55614685,263.9593909,633,5.076142132,3002.584896,380.7101449,10.1449275,21.7391304,31.884058,4
4.554,338,267,10.94818365,106.1776062,611,0,2989.205791,415.1917808,19.1780822,24.6575342,24.6575342,2
15.274,248,313,14.56118776,151.8653021,762,0,2736.542272,400.3913043,23.9130435,26.0869565,22.826087,2
24.08,178,448,22.6571917,416.4524422,614,0,1384.184619,302.6689655,19.3103448,26.8965517,26.8965517,5
32.981,151,473,14.82668903,112.3595506,643,0,2415.396733,366.2617188,16.796875,22.65625,35.15625,5
8.183,243,277,9.185112385,63.79234492,502,0,2330.257899,347.0063694,22.9299363,32.4840764,23.566879,1
10.195,166,188,13.0879665,130.2083333,490,0,2744.306703,394.26,20.6666667,21.3333333,22.6666667,2
28.501,130,588,12.52962157,128.9884589,886,16.97216565,2915.269614,403.5722543,15.0289017,17.9190751,30.6358382,4
9.06,212,269,10.73702036,137.9662749,609,0,2022.046024,291.7802198,21.978022,24.1758242,35.1648352,4
19.602,118,376,21.8975814,172.5039205,449,15.68217459,2338.295938,412.4191617,16.1676647,22.754491,34.1317365,4
27.843,107,569,7.309676183,74.69279576,1073,7.228335073,2447.386677,406.5833333,19.6078431,25.4901961,30.8823529,3
16.965,227,384,13.08314498,84.78802993,639,0,2016.828728,349.995098,17.6470588,22.5490196,26.9607843,3
34.247,154,455,16.43452703,127.6378489,1027,35.73859769,2224.024914,361.1666667,27.1604938,29.0123457,30.2469136,6
7.341,193,349,15.84198422,136.6240635,688,39.66505068,1696.723298,339.5,28.3783784,25.6756757,32.4324324,9
12.129,177,348,17.55460773,157.8947368,719,0,1247.110151,296.5194805,23.3766234,23.3766234,38.961039,6
24.141,247,348,19.26147158,177.7777778,605,22.22222222,2137.281509,359.76,18.4,24,38.4,5
27.052,217,408,13.12950742,132.9394387,712,3.692762186,1214.852525,285.3178808,18.5430464,26.4900662,27.8145695,4
15.557,179,315,15.03126557,105.0119332,564,0,2418.033058,393.978355,20.3463203,24.2424242,29.8701299,2
38.199,166,394,15.6496752,184.1085271,671,0,2896.680972,410.3333333,21.7054264,23.255814,34.8837209,2
17.155,201,283,20.34049501,206.6842568,535,8.795074758,2642.039586,384.9078341,13.3640553,23.0414747,27.6497696,2
18.826,274,368,13.24100433,168.4919966,624,0,2783.6748,400.606383,20.212766,24.4680851,29.787234,4
17.06,174,335,18.16680243,199.829932,569,29.76190476,2233.558104,364.122449,19.3877551,28.5714286,28.5714286,6
16.552,242,401,15.48770879,143.0615165,609,0,3029.965373,433.1709845,14.507772,27.4611399,25.388601,5
18.402,161,328,13.23403793,98.54771784,516,0,2290.444339,372.7875648,16.0621762,27.9792746,30.0518135,3
14.958,203,235,19.49730074,198.355104,479,0,1674.532875,346.3714286,14.2857143,37.1428571,34.2857143,5
17.794,153,257,16.89956528,153.422502,407,0,2286.778557,351.0166667,17.5,29.1666667,23.3333333,4
15.821,194,331,14.58441942,121.9236848,708,2.257846015,1592.455158,330.8037383,22.4299065,29.9065421,32.7102804,5
16.185,232,347,14.95611653,146.7710372,728,7.338551859,1381.334888,324.2357143,20,21.4285714,27.8571429,5
37.807,195,349,5.781038473,50.72022723,681,1.014404545,1941.601722,305.0588235,14.2857143,25.210084,25.210084,7
11.415,172,228,21.25022878,192.3076923,832,5.656108597,1036.43232,267.9280576,28.7769784,24.4604317,28.7769784,6
13.447,173,219,20.11444129,189.0989989,640,0,1041.369001,261.3434343,17.1717172,14.1414141,34.3434343,15
14.035,103,241,19.81087459,165.9388646,771,0,1676.497622,300.0206897,28.2758621,21.3793103,32.4137931,11
34.594,232,444,22.50893514,252.6799387,1079,38.2848392,1228.191451,284.7065217,29.3478261,17.3913043,34.7826087,13
24.493,116,266,19.14839814,195.7295374,825,47.44958482,1565.085319,278.5757576,29.5454545,30.3030303,29.5454545,15
45.005,287,380,21.92718906,259.5628415,595,0,838.9548183,256.054878,25.6097561,21.9512195,31.097561,9
24.682,202,301,13.34700221,129.3103448,839,0,1322.021341,289.0222222,23.3333333,23.3333333,36.6666667,13
22.426,124,302,20.73955845,232.8159645,651,0,1206.82178,272.8411215,17.7570093,25.2336449,32.7102804,11
27.776,99,209,18.0751675,190.9722222,610,0,1386.703655,273.5,28.4090909,17.0454545,23.8636364,8
31.553,178,322,16.91126743,241.4045355,811,29.26115582,1389.384506,283.488,22.4,23.2,26.4,10
29.312,204,236,18.85855279,231.436837,851,0,1331.445322,286.1830065,24.8366013,21.5686275,24.8366013,8
37.168,124,416,18.4399798,261.0669694,616,22.7014756,1555.052636,302.0606061,23.2323232,21.2121212,30.3030303,13
32.105,97,197,11.70076233,108.2055906,578,0,1061.114004,284.0740741,25,22.2222222,33.3333333,9
23.575,118,110,21.14219362,128.3697047,496,0,838.970731,223.3813559,16.1016949,22.0338983,33.0508475,12
32.118,167,263,23.05590353,210.8157654,872,73.32722273,1033.130114,279.9693878,22.4489796,18.3673469,31.6326531,13
26.952,148,254,15.09353274,107.2386059,721,0,1013.584692,259.6454545,30,20.9090909,22.7272727,7
11.528,194,171,23.34990719,252.5252525,693,33.67003367,1112.067146,267.3636364,40.9090909,20.4545455,20.4545455,11
10.933,169,203,20.02035779,266.8759812,692,73.26007326,1516.278254,295.0761905,32.3809524,21.9047619,20,13
12.856,183,213,23.15568542,261.0261026,621,81.00810081,1246.759863,272.4567901,27.1604938,27.1604938,27.1604938,13
10.756,213,189,13.47374064,186.3636364,798,18.18181818,897.9262435,251.6140351,17.5438596,24.5614035,31.5789474,11
34.531,131,178,28.75016028,258.6206897,788,0,1039.631705,228.3975904,22.8915663,22.8915663,26.5060241,10
11.093,119,166,22.28223104,166.2049861,795,55.40166205,1272.949309,274.4920635,26.984127,11.1111111,30.1587302,12
17.02,232,173,22.47213175,210.3559871,745,32.36245955,1121.386552,235.9069767,22.0930233,25.5813953,33.7209302,12
30.857,94,125,9.200100114,56.81818182,781,28.40909091,1426.860379,313.5,24.2424242,22.7272727,28.7878788,10
45.147,156,251,13.62100489,116.7315175,488,0,652.5467841,221.2429907,18.6915888,24.2990654,40.1869159,10
10.18,183,228,27.31361772,296.4118565,866,0,1300.775651,268.3333333,19.047619,20.6349206,22.2222222,15
20.684,121,293,13.51532738,88.94536213,848,31.76620076,1241.629506,273.1627907,34.8837209,16.2790698,20.9302326,10
20.025,116,269,18.15286721,156.8154403,648,24.12545235,1368.984667,265.1764706,35.2941176,26.4705882,32.3529412,11
20.135,249,329,18.16811805,136.2179487,744,0,761.2881094,216.3428571,20,28.5714286,31.4285714,11
40.49,140,311,23.89243894,273.0375427,544,0,1352.813772,299.8777778,23.3333333,21.1111111,32.2222222,11
14.819,193,247,21.94830152,219.5121951,781,16.2601626,1256.304386,276.95,25,22.5,15,10
12.569,130,151,24.6914523,208.0624187,807,13.00390117,908.2878754,241.5272727,21.8181818,16.3636364,32.7272727,13
33.044,248,293,16.59959523,144.5534331,707,0,863.3859736,236.6666667,17.6470588,15.6862745,23.5294118,11
16.317,276,184,21.37687065,175.6851722,756,21.08222066,813.6022978,219.5277778,16.6666667,33.3333333,29.1666667,12
8.236,253,288,8.989348768,50.02273761,520,11.368804,2215.955131,390.7017544,26.3157895,28.0701754,31.5789474,2
7.351,215,356,15.26801147,89.99653859,590,0,1099.037742,255.88,18.6666667,25.3333333,16,3
26.643,126,437,11.16751637,121.4750542,678,0,1382.482245,266,21.5686275,16.6666667,32.3529412,3
5.062,136,445,15.46770219,99.73404255,645,0,2020.5347,335.7017544,24.5614035,17.5438596,40.3508772,4
13.363,155,323,13.99371625,122.4354732,508,0,3514.139499,443.5692308,21.5384615,35.3846154,33.8461538,2
17.972,219,337,5.607467257,55.98534202,719,0,4435.445269,485.5443038,15.1898734,30.3797468,37.9746835,1
7.327,277,249,10.39309737,67.14553404,437,0,2875.723525,411.725,13.75,32.5,23.75,6
9.886,230,322,17.6903875,299.3051844,768,0,2056.817695,352.0909091,18.1818182,25,31.8181818,4
9.456,141,370,13.51222275,140.7613006,744,1.982553529,1912.445405,289.5443787,28.4023669,28.9940828,29.5857988,3
13.924,178,372,17.92428862,162.3686724,726,9.551098376,2346.186406,336.1979167,20.8333333,21.875,27.0833333,4
8.143,237,367,17.89395431,176.4494058,641,0,2206.09808,378.9166667,30.5555556,25,22.2222222,5
12.627,217,240,8.360611196,72.92616226,471,0,1470.625422,318.3548387,19.3548387,24.1935484,24.1935484,4
6.631,91,163,10.83976647,96.96969697,438,0,1298.512174,279.225,28.75,17.5,31.25,3
8.337,165,270,15.65033533,145.6102784,588,42.82655246,1259.869023,248.1818182,36.3636364,29.5454545,34.0909091,3
7.542,195,317,17.5977168,134.4319167,570,0,2489.651481,370.6962025,15.1898734,20.2531646,30.3797468,2
7.813,239,323,12.20156696,146.4174455,611,12.46105919,1047.905359,235.627451,27.4509804,31.372549,29.4117647,5
31.514,103,422,19.43436675,177.4193548,766,16.12903226,1640.40948,306.0413223,21.4876033,19.8347107,33.0578512,9
17.427,90,181,9.91011374,77.67548907,656,23.01495972,1435.162321,273.8434783,19.1304348,19.1304348,24.3478261,11
24.245,110,254,18.87728943,203.3598585,737,0,764.8749747,244.7911392,21.5189873,21.5189873,34.1772152,12
40.689,102,451,21.30281545,198.5702939,758,7.942811755,608.7211503,200.2403846,25,30.2884615,28.3653846,11
37.895,60,194,23.01734489,264.4836272,568,113.3501259,996.6517304,249.7132867,20.2797203,26.5734266,27.2727273,12
43.799,101,343,17.9319873,195.1600312,655,0,1240.075457,279.8198198,18.9189189,18.9189189,30.6306306,6
18.536,75,301,13.57274105,114.3312949,836,5.317734645,1354.065238,271.8150685,20.5479452,23.9726027,30.1369863,12
30.785,194,408,15.11157269,189.4451962,757,13.53179973,739.8800554,231.9666667,20,21.3333333,32,7
31.444,70,417,20.84478427,188.5369532,689,60.33182504,1205.84408,275.1031746,19.8412698,30.1587302,35.7142857,12
26.601,89,283,8.689873369,98.61932939,666,26.29848784,1375.176309,282.8345324,23.0215827,25.8992806,28.057554,16
33.192,160,311,13.58537212,99.87515605,755,37.45318352,986.2787375,241.904,22.4,24,30.4,16
22.2,183,289,16.27973048,167.0644391,841,29.83293556,2288.535641,321.9266055,22.9357798,24.7706422,25.6880734,6
28.68,97,312,18.4662815,204.2900919,645,112.3595506,1646.419346,286.8709677,24.7311828,22.5806452,35.483871,13
23.279,94,288,18.97362974,206.0085837,735,8.583690987,2201.421134,348.4848485,18.1818182,22.2222222,30.3030303,7
13.474,161,351,19.06121666,133.2288401,542,0,1578.060676,305.5309735,8.8495575,30.9734513,33.6283186,5
28.223,169,381,14.9669036,170.9401709,786,10.68376068,1577.896102,328.8518519,24.691358,30.8641975,37.037037,5
18.606,147,277,20.09371366,188.3561644,665,0,1993.686263,363.8571429,20,22.8571429,20,7
12.457,272,390,15.08511388,136.7308888,797,15.53760099,1874.672058,306.2758621,22.9885057,26.4367816,21.8390805,9
35.216,150,517,21.63681714,212.4311566,780,62.94256491,1504.660967,304.6629213,19.1011236,26.9662921,39.3258427,10
35.754,122,238,20.60728989,190.4090268,626,0,1426.241862,267.0438596,21.0526316,28.0701754,28.9473684,12
20.602,180,361,14.13599102,122.4489796,637,0,1958.399445,374.7954545,21.0227273,25,30.6818182,7
13.477,152,308,15.40356119,161.0356805,801,6.315124724,1081.644227,273.0510204,22.4489796,32.6530612,41.8367347,9
24.827,80,263,14.29729487,159.9247413,666,28.22201317,1313.616176,314.1098901,17.032967,21.4285714,29.1208791,13
22.725,170,393,13.31033295,80.34026465,689,0,2156.929592,330.1,18.8888889,28.8888889,32.2222222,9
12.297,147,369,17.31111886,162.2418879,649,9.832841691,1137.113592,267.2150538,19.3548387,26.8817204,33.3333333,9
36.793,176,441,16.23691876,113.058225,648,0,2327.706547,384.53125,17.96875,26.5625,34.375,6
39.521,106,474,15.65322219,223.4636872,613,0,818.1903512,248.65625,25,23.75,33.75,14
31.215,109,431,25.2486063,274.5424293,594,0,1310.21236,297.1967213,28.6885246,25.4098361,31.147541,8
11.532,167,302,11.07126968,102.9098652,678,0,2551.35888,367.8201439,20.1438849,29.4964029,31.6546763,7
20.711,156,462,11.99336652,77.85467128,700,4.325259516,1137.469213,279.1478261,20,25.2173913,24.3478261,10
12.552,192,370,14.21578382,86.41975309,797,0,942.0388087,249.9418605,25.5813953,27.9069767,25.5813953,9
29.363,27,356,9.687030773,91.22618728,767,0,1057.617971,272.6602871,19.6172249,23.4449761,29.1866029,18
17.224,146,299,19.0824357,165.9751037,609,6.915629322,1293.936036,265.1037037,25.9259259,23.7037037,28.1481481,9
28.027,184,444,12.10458845,143.1441487,688,20.09040683,1371.385664,254.3636364,19.3939394,26.0606061,24.2424242,8
28.866,254,279,17.89482792,247.4526929,638,0,2084.138486,357.2258065,16.9354839,24.1935484,25.8064516,6
19.594,115,276,13.42923238,69.22257721,719,0,1153.331247,294.4306569,21.8978102,25.5474453,31.3868613,14
34.426,170,384,20.98190689,208.0323606,598,0,2686.191797,408.5193798,13.9534884,20.9302326,27.9069767,7
27.022,148,315,16.95041026,189.9879373,750,27.1411339,823.6737524,240.9191919,15.1515152,24.2424242,31.3131313,7
18.396,197,225,7.308872557,63.13574184,595,5.26131182,1983.369316,355.9361702,10.6382979,25.5319149,29.787234,5
14.43,216,284,13.07867525,162.4278692,961,27.78371447,1844.212002,335.5217391,17.3913043,27.5362319,30.4347826,7
25.138,159,303,18.41872194,188.6792453,588,0,1238.27424,295.9746835,19.6202532,18.9873418,30.3797468,6
8.033,128,257,13.47906739,110.9660574,623,0,1116.577268,220.1025641,12.8205128,15.3846154,41.025641,5
17.066,130,235,14.98552677,198.3471074,501,41.32231405,1764.484834,328.6052632,20.3947368,24.3421053,35.5263158,5
14.111,177,286,19.63938051,174.6031746,557,0,2325.511204,406.3673469,20.4081633,24.4897959,40.8163265,5
9.054,158,173,18.6902388,252.8735632,618,61.30268199,1634.832628,319.0545455,20,25.4545455,23.6363636,6
25.671,210,356,14.229034,180.786955,630,0,1710.575304,341.6721311,16.3934426,21.3114754,42.6229508,5
14.135,220,289,16.45985328,130.7596513,534,0,1527.442073,293.1403509,12.2807018,33.3333333,29.8245614,7
9.198,274,276,19.2954899,229.8467688,608,3.331112592,2187.41547,408.2592593,16.6666667,24.0740741,27.7777778,4
10.223,280,346,16.43306476,226.1178862,609,10.16260163,1607.703116,295.2686567,25.3731343,35.8208955,32.8358209,6
14.234,169,329,28.46942708,254.9019608,507,0,1791.071175,324.25,14.84375,24.21875,24.21875,7
23.077,184,317,8.983243339,105.4481547,627,2.196836555,1217.859988,269.6216216,19.8198198,24.3243243,25.2252252,7
10.115,176,222,17.25264297,167.2940192,799,66.9176077,1626.546023,312.4590164,24.5901639,22.9508197,27.8688525,5
24.584,174,395,16.2017409,170,648,0,1835.121351,341.9480519,16.8831169,25.974026,32.4675325,7
10.995,83,230,13.23940283,150.8722301,749,0,1210.447982,294.1333333,15,25,30,6
6.098,358,266,10.38036736,84.8208634,550,0,2629.2469,410.0422535,18.3098592,23.943662,36.6197183,7
4.599,264,298,13.98627829,71.72995781,599,8.438818565,1115.267409,298.0847458,30.5084746,22.0338983,35.5932203,5
11.723,80,326,12.36953001,82.98755187,482,0,2174.260489,384.9558824,13.2352941,36.7647059,32.3529412,6
43.594,53,362,18.57366599,217.2164119,424,0,1704.457552,320.3013699,20.0913242,21.9178082,36.9863014,5
17.983,132,551,19.12937555,92.67059815,650,0,1628.134584,310.1057692,18.2692308,30.7692308,26.9230769,8
33.279,164,365,14.55614655,113.0026416,622,4.402700323,1675.817836,330.625,18.9285714,23.5714286,36.7857143,14
33.98,206,466,22.70150085,204.2253521,807,0,1656.6675,328.1754386,27.6315789,24.122807,31.5789474,8
39.917,131,486,21.92192478,185.4599407,652,37.09198813,1359.959849,296.6930233,18.6046512,22.7906977,31.627907,8
30.073,143,469,17.49737624,121.3818861,550,9.337068161,1498.210124,270.9883721,37.2093023,25,23.255814,6
30.372,114,394,14.58953068,163.5220126,431,0,2396.527272,359.741573,21.3483146,23.5955056,22.4719101,6
29.531,112,525,14.48281219,91.53318078,598,0,1080.813422,279.8645161,10.9677419,20.6451613,26.4516129,6
26.959,137,391,20.81749413,181.3471503,631,8.635578584,1460.73079,316.9769231,20.7692308,22.3076923,29.2307692,7
42.29,104,367,17.40867081,137.7810007,629,29.00652647,1136.348536,242.9207921,25.7425743,21.2871287,39.6039604,9
30.414,117,407,23.05708461,287.7697842,507,20.55498458,2046.466427,330.3653846,17.3076923,25,32.6923077,8
29.332,248,515,13.48927298,84.56659619,798,0,1715.480943,324.9494949,18.1818182,23.2323232,32.3232323,9
28.482,176,512,18.63106565,81.54943935,539,0,2655.844049,372.7692308,15.3846154,24.7863248,26.4957265,6
28.048,156,569,15.53627934,147.3296501,823,12.27747084,2666.782687,345.9857143,15.7142857,22.8571429,28.5714286,7
34.336,149,498,17.44111248,217.9836512,690,9.082652134,1500.309556,315.5826772,23.6220472,16.5354331,29.9212598,10
26.11,150,422,15.96990902,75.5033557,605,25.16778523,1004.165562,244.128655,26.9005848,19.8830409,30.4093567,8
23.921,101,346,18.54729992,107.3170732,420,0,1889.684787,352.4456522,29.3478261,25,29.3478261,6
32.341,129,490,14.75024723,198.8781234,702,30.59663437,1490.93862,300.4140625,23.4375,18.75,30.46875,9
20.275,248,388,5.603809355,38.55793329,665,1.927896665,2484.535673,362.9266055,14.6788991,25.6880734,30.2752294,3
7.595,302,223,16.02972318,119.8156682,528,0,2841.815228,399.1851852,20.9876543,24.691358,39.5061728,3
27.96,256,272,11.03358965,97.74990778,643,5.533013648,2189.620633,370.3977273,20.4545455,26.1363636,30.6818182,3
8.29,194,394,17.30286038,168.9432063,493,0,3397.852301,459.0574713,20.6896552,27.5862069,29.8850575,4
26.378,159,535,16.58038487,102.7811366,533,0,1226.045706,267.35,23.75,26.25,30,3
17.925,177,361,20.24836665,154.1284404,492,25.68807339,2713.057302,391.6705882,24.7058824,27.0588235,37.6470588,6
13.898,217,270,5.875803977,57.04971475,594,0,2010.526016,303.1401869,13.0841121,24.2990654,34.5794393,2
31.711,170,380,3.39188102,24.53955354,649,1.055464668,1760.907475,289.1370968,12.9032258,25.8064516,29.8387097,3
25.007,75,533,19.77273586,191.9191919,475,0,2308.106099,325.5691057,20.3252033,28.4552846,31.7073171,6
14.602,291,400,13.14190447,98.70276368,575,0,1361.253579,276.3939394,16.1616162,26.2626263,35.3535354,4
4.117,394,225,10.34193664,115.4986733,661,1.560792883,1220.000589,296.3195876,19.5876289,29.8969072,37.1134021,3
12.172,346,253,17.19452168,171.5357813,798,8.040739748,1955.982328,304.3548387,16.1290323,24.7311828,32.2580645,4
12.74,242,494,23.35805253,195.4686806,838,4.442470013,1834.519285,345.2166667,25,29.1666667,27.5,4
16.868,223,530,11.46195957,55.22682446,600,0,1527.186582,281.9032258,24.7311828,32.2580645,30.1075269,4
11.372,256,437,12.05105578,60.34482759,657,7.183908046,2855.134085,390.7948718,19.6581197,28.2051282,33.3333333,6
17.275,206,387,15.42739192,78.74015748,524,0,1768.113495,270.5803571,15.1785714,24.1071429,34.8214286,4
7.581,331,311,13.10932919,133.0108827,686,0,2431.861925,351.5810811,14.8648649,33.7837838,27.027027,6
7.823,255,217,17.53985997,174.0237691,856,0,2563.923864,364.152381,23.8095238,21.9047619,28.5714286,6
9.481,226,292,14.99279203,109.5779221,638,0,2166.370945,381.477707,8.2802548,28.6624204,28.6624204,6
4.675,175,229,8.500643936,76.37474542,623,0,2873.006588,414.0208333,20.8333333,25,35.4166667,10
8.022,233,473,2.560701054,10.13391241,523,0,2081.487285,374.0638298,14.893617,19.1489362,27.6595745,9
8.961,363,292,11.19534845,138.8562015,760,2.35349494,1126.084662,242.1702128,23.4042553,23.4042553,34.0425532,3
12.147,309,439,4.350990372,23.70682559,640,0.9877844,1740.661001,310.0058824,12.9411765,32.3529412,40.5882353,7
22.898,318,352,7.658470704,53.44636933,760,0,2961.959802,438.5964912,15.7894737,35.0877193,38.5964912,2
6.069,299,268,17.48578011,200,630,0,2492.404044,419.2911392,18.9873418,16.4556962,26.5822785,3
12.983,253,327,13.19480226,116.9826543,613,0,2450.448106,375.1851852,20.3703704,18.5185185,31.4814815,3
9.207,276,242,18.18783335,104.8584411,553,0,2725.556896,382.7647059,14.7058824,38.2352941,26.4705882,4
6.295,129,280,18.76441818,146.8189233,749,0,2482.950334,370.0422535,21.1267606,22.5352113,32.3943662,6
7.131,219,248,16.97725627,191.40625,671,0,1171.541359,262.25,15.2777778,22.2222222,27.7777778,6
3.804,158,392,14.84026732,97.52925878,642,19.50585176,2520.870287,402.6363636,21.8181818,29.0909091,25.4545455,4
6.706,262,159,15.79517369,180.5205709,865,20.99076406,2293.580351,311.5909091,23.8636364,35.2272727,17.0454545,5
6.094,163,331,9.274912898,106.9883906,647,2.276348737,1342.274564,282.4042553,19.1489362,17.0212766,36.1702128,4
2.666,291,263,14.63091117,190.7267346,826,16.44195988,1657.216953,317.3833333,28.3333333,25,25,5
8.295,131,271,18.42931634,127.0971022,848,25.41942044,2343.625196,377.5211268,30.9859155,23.943662,40.8450704,4
7.887,165,272,18.02846512,210.0608071,675,5.527915976,1161.449573,282.025641,25.6410256,23.0769231,17.9487179,4
12.068,263,302,14.95831488,124.8199712,649,0,2399.421076,378.3396226,22.6415094,26.4150943,26.4150943,4
24.749,108,377,19.09869923,185.5533466,830,39.76143141,876.256783,226.2627737,17.5182482,24.8175182,34.3065693,16
31.183,135,436,13.19109199,125.7861635,802,12.57861635,1442.07045,269.4520548,21.2328767,19.1780822,32.1917808,13
31.441,130,310,22.05953888,214.953271,540,65.42056075,1749.247911,330.8073394,21.1009174,15.5963303,26.6055046,15
14.247,47,99,22.00926146,244.1613588,552,21.23142251,1531.352616,318.4871795,22.2222222,23.9316239,28.2051282,17
16.049,216,291,6.834750419,38.72308274,571,2.833396298,1864.153264,343.4459459,21.6216216,24.3243243,28.3783784,9
35.37,112,302,26.7893847,250.8960573,489,0,1090.133976,257.5652174,17.3913043,24.6376812,37.6811594,15
30.428,116,321,24.25245072,275,916,33.33333333,1035.177356,277.4952381,19.5238095,25.2380952,28.0952381,18
27.452,191,267,17.62308762,216.5506574,800,0,972.4144813,276.8869048,13.6904762,19.6428571,26.1904762,17
38.146,162,270,16.6994894,188.5745979,549,16.63893511,1570.503069,336.5942029,25.3623188,25.3623188,28.9855072,18
34.241,226,362,17.90579937,182.0830299,754,43.69992717,896.278447,240.2525773,24.742268,24.742268,30.4123711,18
17.58,129,303,12.69947311,35.57663801,639,0,1857.095935,361.3731343,16.4179104,17.9104478,32.8358209,11
26.449,169,328,17.80555983,158.5204756,772,0,1015.871968,252.5267176,17.5572519,28.2442748,30.5343511,14
39.431,104,328,13.97550394,162.7033792,436,0,960.7007421,248.0984848,26.5151515,25.7575758,21.969697,15
22.806,144,301,8.077070168,85.649362,690,6.991784653,2068.99121,382.1764706,27.4509804,21.5686275,39.2156863,11
26.416,100,316,22.87086083,283.8063439,713,50.08347245,810.0917907,255.3813559,18.6440678,25.4237288,30.5084746,17
15.763,170,269,16.39245294,208.2128398,798,11.56737999,1499.610965,327.140625,21.875,20.3125,28.125,13
19.671,134,249,15.49833204,186.6666667,906,0,1855.259301,384.3189655,16.3793103,22.4137931,29.3103448,16
23.913,122,497,16.57590066,133.2398317,844,7.012622721,1127.486981,275.4030612,20.9183673,26.5306122,26.0204082,16
18.227,166,311,18.44661302,175.1592357,663,7.961783439,2075.626923,373.6527778,23.6111111,30.5555556,37.5,13
9.778,219,481,12.42315227,84.84162896,631,8.484162896,2036.133589,333.2307692,16.9230769,23.0769231,32.3076923,10
5.317,185,276,24.82456954,313.03358,496,0,1905.757898,360.3333333,12.037037,31.4814815,34.2592593,5
5.727,299,252,12.46391353,69.75446429,522,0,1741.745535,349.4333333,13.3333333,22.2222222,25.5555556,3
18.894,176,219,12.38764741,143.0429129,756,0,2663.176382,420.2028986,21.7391304,26.0869565,26.0869565,3
21.103,183,264,14.32582519,162.1204323,711,0,1672.999276,325.826087,18.8405797,27.5362319,30.4347826,6
3.091,274,271,10.06293962,72.4993856,522,0,2273.979047,419.6818182,13.6363636,34.8484848,25.7575758,4
4.659,422,323,5.746689929,19.43256899,595,0,1986.693441,326.3157895,10.5263158,35.0877193,40.3508772,2
6.392,445,261,13.2671698,114.480198,640,0,1577.778735,323.5925926,16.6666667,18.5185185,29.6296296,3
31.361,156,415,19.20045881,124.3201243,564,0,2145.049987,319.68,14.4,17.6,35.2,5
8.396,231,284,14.71596963,124.2750621,550,0,1486.444465,277.5084746,25.4237288,37.2881356,27.1186441,5
14.166,121,318,18.84008396,213.1438721,697,0,1654.305154,338.7810945,23.880597,24.8756219,25.3731343,3
23.361,187,401,13.65978423,123.4567901,643,8.514261388,1634.224735,292.4459459,17.5675676,27.027027,35.1351351,5
4.873,270,258,13.06867238,93.92427355,561,0,2183.191212,389.8709677,33.8709677,27.4193548,19.3548387,4
11.476,238,253,15.68350139,196.5188097,745,0,1100.342986,278.4074074,31.4814815,33.3333333,27.7777778,3
11.417,210,242,15.00674349,157.8947368,658,8.097165992,2175.735599,399.5875,27.5,28.75,33.75,5
11.911,122,296,17.67004601,211.0490379,583,0,1056.292,251.7419355,24.1935484,30.6451613,29.0322581,6
25.061,164,386,12.67649923,101.8329939,653,0,1370.25479,274.7301587,25.3968254,31.7460317,20.6349206,5
22.532,189,377,22.87204736,321.4695752,640,0,1654.648701,352.6612903,17.7419355,20.4301075,37.0967742,6
5.776,261,265,15.69023534,139.1162029,567,0,1959.694589,361.09375,20.3125,26.5625,40.625,4
31.539,64,122,17.98436411,224.5145631,720,36.40776699,860.2736878,247.5811966,18.8034188,26.0683761,33.7606838,15
14.112,99,256,18.55222308,209.4818082,737,0,1430.463595,296.7720588,19.8529412,27.9411765,33.8235294,12
22.505,172,316,8.723282404,70.14997581,779,0,1682.648052,306.3106796,17.4757282,21.3592233,34.9514563,15
24.249,147,377,12.00752296,62.81626243,903,3.489792357,1635.142634,302.5314685,17.4825175,17.4825175,33.5664336,15
38.698,104,477,29.30719437,283.7573386,497,0,2052.401833,355.3030303,22.4242424,19.3939394,33.3333333,14
30.706,112,665,16.35980367,180.2309209,1058,11.26443255,1559.689035,338.75,23.1481481,25.9259259,33.3333333,14
39.575,169,654,20.38208328,260.2602603,866,0,966.2851224,272.3055556,26.1904762,19.8412698,28.968254,13
35.19,138,618,17.64782577,167.7018634,1107,12.42236025,1461.474404,283.5948718,17.4358974,20.5128205,33.3333333,16
18.74,41,228,20.52344904,234.4665885,1046,17.58499414,1276.911213,292.8358209,23.880597,14.9253731,22.3880597,16
35.605,149,430,18.13948659,216.3293789,611,13.95673412,864.8742627,250.9565217,16.5217391,26.9565217,32.173913,16
26.897,132,288,27.92814778,377.5883069,583,12.18026797,871.2554332,257.1851852,20.8333333,23.6111111,31.0185185,13
28.558,160,166,20.90899487,282.6510721,575,38.98635478,1419.845675,316.7672956,20.754717,22.0125786,35.8490566,13
9.299,120,200,18.11582493,257.4750831,909,8.305647841,973.1659837,292.3970588,26.4705882,23.5294118,23.5294118,16
41.255,136,347,11.71108728,119.8257081,635,10.89324619,721.9416664,228.6319018,23.3128834,22.0858896,25.7668712,15
36.699,114,261,21.41008005,213.4646962,687,0,874.0462748,263.4069264,19.4805195,23.8095238,31.1688312,18
39.089,47,202,40.11744537,426.1363636,455,0,1102.088331,268.8787879,20,19.3939394,34.5454545,16
37.489,103,394,17.50054099,197.109067,485,0,965.2375826,266.3128492,20.6703911,24.0223464,30.726257,13
26.259,105,264,27.13484818,346.4755078,623,23.8948626,639.5477391,222.5615764,22.1674877,23.1527094,30.0492611,14
30.077,143,231,15.38016865,162.3931624,465,8.547008547,745.1647177,226.2380952,15.8730159,26.984127,29.3650794,7
43.177,147,389,17.2753643,134.4602382,698,0,1087.330785,244.6226415,18.2389937,25.7861635,28.3018868,7
18.181,155,483,17.16246187,124.2571583,557,0,1598.376768,302.1034483,24.137931,29.3103448,24.137931,7
29.854,258,310,7.896141509,62.80420788,547,0,1553.247501,295.4516129,17.7419355,25.8064516,34.6774194,4
13.149,278,230,14.69850718,132.6259947,492,0,1163.827631,279.5116279,20.9302326,22.0930233,26.744186,4
19.553,249,342,14.04186812,81.21827411,642,6.768189509,1938.514933,321.8156425,10.6145251,31.8435754,25.1396648,6
17.097,163,341,21.29313497,170.2786378,688,23.21981424,914.0431307,253.4552846,14.6341463,27.6422764,29.2682927,6
22.983,181,410,16.14419628,143.0549146,677,23.07337333,2026.782974,384.4869565,13.9130435,29.5652174,25.2173913,5
7.179,195,298,11.75130735,75.52870091,525,0,1393.069322,344.9419355,8.3870968,30.9677419,31.6129032,3
26.872,121,407,19.61037231,220.4323866,849,16.95633743,1106.737543,294.4427861,14.4278607,33.8308458,27.3631841,8
28.71,86,500,17.64758439,226.5372168,882,0,1420.17859,330.9289617,16.3934426,22.9508197,30.6010929,9
22.458,114,379,19.36197717,162.0029455,731,22.09131075,1400.538593,302.2941176,18.3006536,28.7581699,27.4509804,8
21.52,270,318,18.47112955,272.132277,615,0,2104.267772,381.9789474,27.3684211,30.5263158,26.3157895,5
25.371,180,445,16.18461149,129.2407108,590,0,1531.423163,311.1523438,14.453125,23.046875,29.296875,8
13.797,109,273,17.32089121,138.7970919,668,0,1437.841776,295.8170732,15.2439024,20.7317073,15.8536585,6
23.406,140,442,18.59810003,104.9233253,677,0,1359.847952,329.4375,20.1388889,24.3055556,29.8611111,7
42.734,136,385,18.39263377,162.0089105,539,0,2312.374872,365.4677419,14.516129,28.2258065,29.8387097,6
23.842,138,369,13.984992,148.6988848,639,0,583.473795,221.1538462,18.4615385,22.3076923,30,8
14.801,144,317,14.71655305,88.01624915,638,0,2113.261819,337.9057971,21.7391304,30.4347826,21.7391304,7
7.239,111,179,18.29330972,101.3941698,678,0,1505.623154,280.84,26.6666667,26.6666667,26.6666667,7
14.025,117,301,7.740952177,57.24350506,1011,15.4117129,1299.354458,282.2871287,17.8217822,21.7821782,31.6831683,9
23.496,96,316,14.78090452,118.8455008,523,0,1631.681426,332.6632653,22.4489796,25.5102041,31.6326531,7
9.478,200,212,16.99261995,252.4752475,955,14.85148515,1281.139319,261.6352941,20,27.0588235,27.0588235,9
10.753,127,208,17.96962749,160,986,14.54545455,1134.774923,252.3253968,19.8412698,22.2222222,31.7460317,8
12.313,151,422,16.78130441,98.17671809,510,0,2034.917666,333.5181818,23.6363636,26.3636364,28.1818182,8
16.141,123,261,15.01931744,55.49389567,644,0,1649.177707,304.0080645,25.8064516,24.1935484,29.8387097,8
33.441,178,359,21.65186366,288.6247878,799,16.97792869,991.4930893,252.576,20,27.2,30.4,11
13.202,275,313,14.05531782,118.1375956,570,0,848.7001452,231.4050633,18.9873418,22.7848101,30.3797468,10
4.709,94,438,22.37382721,140.562249,590,0,1182.177204,252.0098039,22.5490196,24.5098039,31.372549,9
34.899,110,510,8.614078307,85.59201141,727,0,3185.714867,392.3470588,21.1764706,23.5294118,27.6470588,6
18.872,167,267,20.33192158,178.8756388,744,8.517887564,1205.342719,261.392,27.2,23.2,34.4,11
8.468,109,258,19.15904207,120.4819277,735,0,961.5652989,259.9333333,21.1111111,23.3333333,27.7777778,9
27.898,95,449,12.22170848,105.4339011,893,24.33090024,1263.749233,277.5575221,21.2389381,25.6637168,28.3185841,8
6.039,120,203,24.91852393,255.1984877,754,0,1483.030597,289.2891566,20.4819277,25.3012048,30.1204819,8
16.16,122,324,19.16580527,94.51795841,816,0,1261.250673,281.3787879,23.4848485,26.5151515,28.030303,8
13.597,84,374,7.15788679,55.48115554,536,7.652573178,1764.22641,268.7722222,19.4444444,26.6666667,23.3333333,9
12.856,151,205,20.69133148,275.7502028,697,0,2000.32848,350.1098901,15.3846154,26.3736264,30.7692308,5
6.727,186,317,17.32877366,106.0329068,519,0,2676.725713,372.4078947,14.4736842,28.9473684,26.3157895,9
5.964,245,331,15.78751682,153.4963047,932,34.11028994,1726.003892,302.0925926,18.5185185,16.6666667,29.6296296,10
11.499,171,144,23.18637353,217.3913043,827,104.6698873,1702.507918,332.8985507,21.0144928,21.7391304,21.7391304,12
22.942,146,238,22.03522567,168.7763713,876,0,1054.443758,293.55,25,23.3333333,23.3333333,9
23.844,125,238,30.26269981,461.0492846,848,63.59300477,1125.846405,294.0844156,24.6753247,25.3246753,18.8311688,12
6.967,252,248,27.65041369,253.7796976,799,5.399568035,1718.219433,359.585034,15.6462585,27.2108844,19.7278912,12
11.301,115,223,20.48380207,156.7944251,941,0,953.6006609,285.9491525,24.5762712,22.8813559,27.9661017,11
31.131,202,404,16.03611114,147.8599222,635,15.56420233,1314.379095,268.6545455,27.2727273,21.8181818,29.0909091,9
7.362,231,139,24.08140846,190.3695409,724,128.7793953,1693.134508,357.8565401,21.0970464,29.1139241,25.7383966,14
29.795,191,367,22.83812796,148.849797,850,0,1150.518266,294.2298851,26.4367816,29.8850575,28.7356322,9
6.582,324,270,7.580782823,77.74322523,804,13.32741004,1647.070338,311.6190476,25.3968254,30.1587302,30.952381,14
9.719,173,80,13.83512797,147.8494624,729,82.32526882,947.4496384,280.2418301,20.7843137,24.9673203,24.0522876,20
20.233,256,186,21.30748037,260.2230483,683,111.5241636,1426.096167,288.6833333,25,36.6666667,35,13
27.661,227,243,20.32570932,198.019802,757,0,1132.0392,269.7431193,24.7706422,29.3577982,19.266055,16
22.513,167,121,28.73063454,194.9860724,905,0,1714.274452,337.3145161,20.9677419,21.7741935,20.9677419,15
22.8,80,293,19.78489322,168.3501684,866,16.83501684,880.2290659,271.6324786,18.8034188,20.5128205,20.5128205,10
18.728,190,186,25.20609908,305.8560239,1103,89.51883626,1100.784147,317.4639175,21.2628866,28.9948454,25.3865979,14
37.628,116,571,19.20239921,138.121547,672,6.906077348,1677.27955,340.1216216,18.4684685,23.8738739,26.5765766,6
10.313,216,373,11.51694611,77.58381823,601,0,2980.351855,405.021978,16.4835165,34.0659341,34.0659341,3
34.123,96,362,20.16355373,125.0977326,471,0,2298.686493,364.6346154,16.3461538,21.1538462,35.5769231,3
27.56,91,385,11.4596698,148.6346353,699,3.456619426,1709.397303,279.9788732,21.8309859,26.056338,22.5352113,5
29.583,167,235,20.06903632,182.5047199,920,50.34612964,1219.556703,274.6598361,22.5409836,21.7213115,25.4098361,16
30.177,105,176,21.88924541,184.2105263,644,72.36842105,1216.057804,274.2397661,23.9766082,29.2397661,28.6549708,18
28.127,95,201,29.77758788,357.1428571,577,69.12442396,1424.946628,294.1777778,21.1111111,23.3333333,24.4444444,17
26.037,98,179,21.83736371,289.1566265,623,96.38554217,1529.907515,309.601626,31.7073171,17.0731707,26.8292683,16
13.584,38,65,21.25546067,276.9714562,676,1.209482342,625.0676468,282.4444444,33.3333333,22.2222222,11.1111111,19
15.841,79,29,19.49867143,219.6767613,719,1.569119724,1357.001492,303.9230769,30.7692308,19.2307692,15.3846154,14
18.479,291,177,13.15412719,137.1681416,644,0,2181.051279,329.5265957,24.4680851,22.8723404,30.8510638,4
22.225,73,157,16.75757986,156.7783584,643,43.03719643,1924.091226,343.2392638,18.404908,28.2208589,26.3803681,14
19.565,32,336,18.40454654,208.6049544,776,0,833.3556238,252.8287671,29.4520548,27.3972603,21.9178082,15
26.359,78,365,18.22006385,192.3076923,648,29.58579882,1431.204433,278.2256637,20.3539823,26.5486726,29.6460177,3
41.863,104,257,19.68587721,199.0049751,488,0,762.8396279,226.452381,19.047619,33.3333333,27.3809524,7
17.461,37,77,8.214829927,42.56612952,629,36.48525388,1584.564133,316.0673575,21.2435233,23.3160622,25.9067358,13
26.753,24,505,15.92050111,261.7163725,702,0,2408.393463,424.3783784,19.5945946,19.5945946,35.1351351,2
38.058,192,780,22.5975438,351.6347933,936,0,963.7602957,260.942623,13.9344262,25.4098361,29.9180328,8
33.686,129,216,13.85620715,147.3748849,679,52.19527172,958.5507814,251.792,24.4,22.8,25.2,10
29.746,329,826,15.01136648,87.06467662,813,0,2397.241053,394.7132867,21.6783217,23.0769231,31.4685315,5
19.576,103,167,28.301564,358.0349709,703,58.2847627,1017.647116,269.4728033,20.5020921,25.5230126,25.9414226,16
15.262,75,344,19.81509961,232.8042328,709,6.349206349,1220.340612,273.1538462,15.3846154,16.9230769,33.8461538,7
14.606,14,215,13.35362288,153.0924679,631,18.37109614,2750.588219,402.852459,18.0327869,26.2295082,22.1311475,5
34.463,65,285,7.732907174,58.04898768,597,9.910802775,1414.114394,286.0143678,21.2643678,23.8505747,27.2988506,12
15.334,32,395,22.09605856,270.7136998,660,0,1399.667158,273.9116279,23.7209302,25.1162791,34.4186047,6
17.13,138,458,19.14279316,152.4188204,633,0,2707.25755,357.2765957,17.0212766,22.3404255,36.1702128,4
26.867,92,120,17.81505684,136.5187713,621,119.4539249,1634.532081,315.2261905,33.3333333,26.1904762,38.0952381,14
10.911,117,146,24.09289925,220.1257862,644,0,816.5165479,240.5063291,16.4556962,22.7848101,25.3164557,10
33.467,75,201,30.6084615,319.001387,620,13.86962552,1255.699342,311.3333333,20.3389831,29.3785311,32.2033898,11
14.013,68,99,29.77637189,405.904059,614,73.80073801,1022.253809,276,20.2247191,22.4719101,24.7191011,10
33.44,53,295,22.04669191,215.6500308,661,0,1632.422222,320.6666667,20,26.6666667,31.6666667,15
33.551,296,646,12.23634286,84.61388835,818,13.61602801,1807.341395,324.326087,17.3913043,21.0144928,25.3623188,7
25.75,22,204,12.32296809,132.5757576,472,37.87878788,1181.257732,301.8691589,22.4299065,22.8971963,30.8411215,10
19.084,12,393,4.863113609,68.08510638,571,0,2327.229852,389.2108844,24.1496599,24.829932,34.6938776,5
21.824,237,208,21.0460552,204.7244094,715,0,1056.610065,274.0588235,22.3529412,20.5882353,34.7058824,13
